firstName,lastName,jobTitle,id
bar1,bar2,postman,id
blue,green,postman,id
black,white,postman,id
dog,cat,postman,id
Mac,Windows,postman,id
Chicken,Duck,postman,id
Pig,Sheep,postman,id
Fish,Star Fish,postman,id
Hourse,Goat,postman,id
Moon,Sun,postman,id
Monday,Tuesday,postman,id
Wednesday,Friday,postman,id
Saturday,Sunday,postman,id
Turtle,Crocodile,postman,id
Rabit,Penguin,postman,id
Monkey,Tiger,postman,id
Organce,Lemon,postman,id
Apple,Mangles,postman,id
Grape,Cherry,postman,id
Airplan,Helicopter,postman,id